case_id,score
57543,0.006755713
57549,0.021285508
57551,0.004575508
57552,0.015596694
57569,0.40537828
57630,0.015810229
57631,0.035589688
57632,0.013863524
57633,0.016527075
57634,0.016703896
