case_id,score
57543,0.017706896387834382
57549,0.04589231382126539
57551,0.007872461617059187
57552,0.018906761180915936
57569,0.12957449771904717
57630,0.01875244250315007
57631,0.06535403129651107
57632,0.012206872994574328
57633,0.12713793399908188
57634,0.017974254443486895
